IP Address,Login Source,Login Date & Time
87.115.27.178,Web,"19 Mar 2015, 00:11:59"
31.185.134.92,Web,"14 May 2019, 14:13:42"
213.106.96.242,Web,"7 May 2019, 09:38:48"
213.106.96.242,Web,"4 Sep 2018, 09:34:50"
195.171.2.22,Web,"25 Aug 2015, 12:38:38"
31.185.134.94,Web,"23 Nov 2018, 13:33:10"
193.113.170.229,Web,"27 Jun 2016, 11:20:44"
46.208.250.74,Web,"8 Feb 2017, 21:53:51"
46.208.250.74,Web,"29 Jan 2017, 16:47:54"
195.171.2.22,Web,"19 Aug 2015, 12:26:22"
213.106.96.242,Web,"31 May 2016, 15:11:02"
213.106.96.242,Web,"7 May 2019, 10:16:37"
213.106.96.242,Web,"29 Mar 2019, 09:40:33"
213.106.96.242,Web,"26 Apr 2017, 11:57:42"
213.106.96.242,Web,"3 Jun 2019, 15:02:55"
213.106.96.242,Web,"6 May 2016, 14:30:57"
31.185.134.94,Web,"18 Jan 2019, 13:03:24"
193.113.170.131,Web,"1 Aug 2016, 09:52:51"
213.106.96.242,Web,"26 Sep 2016, 17:52:20"
213.106.96.242,Web,"7 Jun 2019, 08:51:01"
213.106.96.242,Web,"3 Jul 2017, 09:31:15"
46.208.250.74,Web,"18 Feb 2017, 16:07:24"
213.106.96.242,Web,"2 Jan 2019, 10:50:00"
213.106.96.242,Web,"7 Sep 2016, 12:12:52"
46.208.250.73,Web,"24 Feb 2018, 12:59:35"
213.106.96.242,Web,"16 May 2016, 09:00:13"
46.208.250.73,Web,"18 Feb 2018, 20:38:22"
51.9.186.73,Web,"3 Aug 2018, 12:44:00"
86.186.56.193,Web,"8 May 2016, 22:33:09"
213.106.96.242,Web,"28 Mar 2019, 13:31:01"
213.106.96.242,Web,"26 May 2017, 10:01:27"
31.185.134.113,Web,"31 May 2019, 08:27:37"
213.106.96.242,Web,"14 Jun 2017, 09:06:26"
195.171.2.22,Web,"24 Aug 2015, 10:18:40"
213.106.96.242,Web,"2 May 2017, 08:22:40"
213.106.96.242,Web,"18 Apr 2017, 15:05:22"
51.6.144.204,Web,"26 Mar 2017, 21:32:50"
193.113.170.173,Web,"12 Jul 2016, 09:14:21"
31.185.134.94,Web,"7 Jan 2019, 17:44:01"
86.183.134.130,Web,"15 May 2019, 20:57:38"
147.147.50.40,Web,"28 Nov 2017, 21:22:44"
213.106.96.242,Web,"26 May 2017, 11:22:53"
87.113.167.47,Mobile,"18 Apr 2014, 07:51:33"
62.255.245.180,Web,"11 May 2017, 10:34:25"
213.106.96.242,Web,"3 Jun 2019, 10:33:21"
213.106.96.242,Web,"28 Feb 2017, 10:33:34"
185.201.34.164,Web,"20 Apr 2019, 18:30:19"
213.106.96.242,Web,"13 Jun 2018, 14:22:40"
213.106.96.242,Web,"3 Jun 2019, 08:30:46"
147.147.50.40,Web,"6 Dec 2017, 17:29:59"
195.171.2.22,Web,"17 Sep 2015, 12:30:42"
31.185.134.113,Web,"4 Jun 2019, 07:59:58"
195.171.2.22,Web,"16 Apr 2015, 11:31:29"
51.9.186.13,Web,"14 May 2017, 14:52:04"
193.113.170.129,Web,"5 Apr 2016, 14:16:17"
213.106.96.242,Web,"7 May 2019, 10:16:40"
46.208.250.74,Web,"4 Dec 2016, 13:26:10"
195.171.2.22,Web,"6 May 2015, 09:25:57"
213.106.96.242,Web,"8 Oct 2018, 10:47:49"
213.106.96.242,Web,"1 Nov 2016, 16:42:13"
213.106.96.242,Web,"1 Jun 2016, 09:47:13"
213.106.96.242,Web,"20 Feb 2017, 13:15:59"
213.106.96.242,Web,"16 Apr 2018, 11:30:02"
31.185.134.113,Web,"4 Jun 2019, 08:00:03"
195.171.2.22,Web,"20 Nov 2015, 13:02:14"
193.113.170.198,Web,"1 Apr 2016, 11:00:34"
213.106.96.242,Web,"15 Nov 2016, 14:41:16"
195.171.2.22,Web,"30 Sep 2015, 09:33:46"
213.106.96.242,Web,"15 Jun 2017, 11:30:30"
213.106.96.242,Web,"23 Jan 2017, 11:13:32"
213.106.96.242,Web,"11 Oct 2018, 12:26:18"
195.171.2.22,Web,"15 Dec 2015, 15:13:31"
31.185.134.94,Web,"11 Jan 2019, 11:34:11"
213.106.96.242,Web,"5 Jun 2017, 09:50:52"
213.106.96.242,Web,"20 Apr 2018, 14:39:07"
213.106.96.242,Web,"3 May 2016, 09:49:04"
213.106.96.242,Web,"19 Jun 2017, 14:52:50"
31.185.134.36,Web,"29 Apr 2019, 08:08:44"
213.106.96.242,Web,"25 Apr 2017, 13:09:57"
213.106.96.242,Web,"19 Jun 2017, 09:25:05"
62.255.245.180,Web,"27 Apr 2017, 12:13:02"
51.9.186.3,Web,"20 May 2018, 13:10:51"
213.106.96.242,Web,"22 Nov 2017, 10:33:26"
137.44.1.174,Web,"18 Nov 2016, 13:15:15"
213.106.96.242,Web,"3 Aug 2016, 15:18:56"
213.106.96.242,Web,"21 Nov 2016, 14:41:56"
51.6.144.204,Web,"4 Mar 2017, 17:48:20"
213.106.96.242,Web,"20 Feb 2017, 16:22:42"
193.113.170.129,Web,"11 Apr 2016, 09:15:27"
195.171.2.22,Web,"30 Apr 2015, 13:16:37"
31.185.134.94,Web,"2 Apr 2019, 10:23:41"
195.171.2.22,Web,"5 Feb 2015, 10:32:56"
213.106.96.242,Web,"3 May 2016, 12:53:25"
213.106.96.242,Web,"5 Sep 2016, 15:35:34"
213.106.96.242,Web,"9 May 2017, 14:34:19"
62.255.245.180,Web,"8 Sep 2017, 13:25:12"
195.171.2.22,Web,"26 Aug 2015, 09:22:32"
51.9.186.73,Web,"29 Aug 2018, 20:23:30"
213.106.96.242,Web,"7 Nov 2016, 11:50:21"
213.106.96.242,Web,"15 Jun 2017, 11:57:32"
213.106.96.242,Web,"3 Jun 2019, 15:02:59"
213.106.96.242,Web,"31 Jan 2017, 14:32:24"
213.106.96.242,Web,"19 Mar 2018, 15:40:05"
195.171.2.22,Web,"6 Jan 2015, 10:20:04"
51.9.186.73,Web,"1 Aug 2018, 15:25:55"
213.106.96.242,Web,"10 Nov 2016, 13:19:13"
213.106.96.242,Web,"1 Nov 2016, 09:36:32"
195.171.2.22,Web,"9 Sep 2015, 09:36:31"
137.44.1.153,Web,"4 Oct 2016, 15:00:05"
213.106.96.242,Web,"26 May 2017, 09:56:38"
51.6.144.204,Web,"23 Mar 2017, 21:01:07"
86.171.244.36,Web,"18 Sep 2016, 14:00:49"
213.106.96.242,Web,"6 Sep 2016, 10:08:15"
213.106.96.242,Web,"8 Apr 2019, 13:06:05"
213.106.96.242,Web,"4 May 2016, 08:54:04"
213.106.96.242,Web,"4 Nov 2016, 11:37:10"
137.44.100.1,Web,"21 Aug 2015, 10:45:06"
213.106.96.242,Web,"15 Jun 2017, 08:52:30"
213.106.96.242,Web,"28 Feb 2017, 11:42:36"
213.106.96.242,Web,"17 Oct 2016, 10:39:50"
213.106.96.242,Web,"4 Apr 2018, 12:44:08"
31.185.134.36,Web,"4 Apr 2019, 18:02:29"
213.106.96.242,Web,"28 Nov 2016, 11:14:43"
62.255.245.180,Web,"8 Sep 2017, 16:12:28"
195.171.2.22,Web,"22 Feb 2016, 14:17:40"
213.106.96.242,Web,"19 Jul 2016, 10:56:39"
195.171.2.22,Web,"12 Jan 2016, 11:07:23"
137.44.110.156,Web,"10 Apr 2015, 12:19:30"
213.106.96.242,Web,"31 Jan 2017, 13:03:51"
51.9.186.13,Web,"22 May 2017, 18:37:52"
213.106.96.242,Web,"10 Aug 2016, 13:32:40"
213.106.96.242,Web,"23 Aug 2018, 09:30:24"
31.185.134.94,Web,"11 Feb 2019, 19:33:32"
51.9.186.73,Web,"2 Aug 2018, 18:23:23"
2.26.10.90,Web,"31 Dec 2016, 13:15:04"
213.106.96.242,Web,"3 Jun 2019, 10:33:18"
31.185.134.94,Web,"7 Mar 2019, 10:20:53"
213.106.96.242,Web,"26 May 2016, 09:30:30"
213.106.96.242,Web,"4 Oct 2017, 09:07:59"
213.106.96.242,Web,"15 Jun 2017, 10:20:19"
213.106.96.242,Web,"28 Mar 2019, 13:30:58"
213.106.96.242,Web,"23 May 2017, 13:25:01"
213.106.96.242,Web,"8 May 2019, 12:08:50"
195.171.2.22,Web,"2 Dec 2014, 10:36:56"
213.106.96.242,Web,"1 May 2018, 12:38:29"
213.106.96.242,Web,"12 Aug 2016, 09:13:58"
195.171.2.22,Web,"12 Feb 2016, 11:40:49"
213.106.96.242,Web,"3 Jun 2019, 08:30:42"
213.106.96.242,Web,"31 Oct 2016, 10:44:59"
147.147.50.29,Web,"24 Jul 2018, 20:55:32"
213.106.96.242,Web,"7 Feb 2018, 09:54:42"
86.181.2.38,Web,"19 Oct 2018, 07:58:17"
195.171.2.22,Web,"20 May 2015, 09:11:32"
213.106.96.242,Web,"15 Jun 2017, 13:32:14"
213.106.96.242,Web,"2 May 2017, 13:25:51"
213.106.96.242,Web,"9 Apr 2018, 07:55:46"
213.106.96.242,Web,"9 Jan 2018, 10:13:37"
213.106.96.242,Web,"5 Dec 2018, 12:56:05"
213.106.96.242,Web,"16 Nov 2016, 16:30:52"
213.106.96.242,Web,"14 Jun 2016, 09:43:52"
86.171.244.36,Web,"18 Sep 2016, 13:12:46"
213.106.96.242,Web,"7 May 2019, 09:38:45"
193.113.170.130,Web,"26 May 2016, 08:44:05"
213.106.96.242,Web,"20 Mar 2017, 10:41:44"
46.208.250.74,Web,"13 Jan 2017, 18:52:48"
195.171.2.22,Web,"22 Feb 2016, 11:06:52"
195.171.2.22,Web,"12 Feb 2016, 11:27:06"
195.171.2.22,Web,"1 Mar 2016, 11:50:34"
213.106.96.242,Web,"3 Jul 2017, 12:57:46"
213.106.96.242,Web,"4 Dec 2017, 09:24:50"
31.185.134.36,Web,"4 Apr 2019, 18:02:22"
213.106.96.242,Web,"9 Jun 2017, 14:54:53"
213.106.96.242,Web,"5 Jul 2018, 08:58:03"
51.9.186.13,Web,"14 May 2017, 09:26:44"
213.106.96.242,Web,"4 May 2016, 09:49:46"
213.106.96.242,Web,"29 Jan 2018, 10:01:55"
213.106.96.242,Web,"1 Dec 2016, 13:02:04"
193.113.170.178,Web,"19 Apr 2016, 09:37:47"
31.185.134.94,Web,"2 Apr 2019, 12:24:44"
213.106.96.242,Web,"25 Mar 2019, 12:06:32"
213.106.96.242,Web,"1 Feb 2017, 10:32:12"
213.106.96.242,Web,"28 Apr 2017, 09:35:07"
213.106.96.242,Web,"8 Apr 2019, 09:17:54"
195.171.2.22,Web,"7 May 2015, 11:33:03"
213.106.96.242,Web,"29 May 2019, 16:36:53"
213.106.96.242,Web,"11 May 2016, 13:00:27"
213.106.96.242,Web,"17 Oct 2016, 11:04:29"
193.113.170.198,Web,"30 Mar 2016, 12:07:48"
81.135.124.119,Web,"9 Jan 2017, 10:05:38"
51.6.144.130,Web,"30 Mar 2018, 07:44:14"
213.106.96.242,Web,"29 May 2019, 16:36:56"
213.106.96.242,Web,"11 Aug 2016, 10:47:02"
31.185.134.113,Web,"31 May 2019, 07:37:30"
51.9.186.73,Web,"12 Aug 2018, 17:45:22"
31.185.134.94,Web,"11 Dec 2018, 13:47:28"
195.171.2.22,Web,"27 Apr 2015, 14:06:39"
213.106.96.242,Web,"17 Oct 2016, 11:08:21"
31.185.134.94,Web,"31 Mar 2019, 08:06:02"
213.106.96.242,Web,"11 May 2016, 16:03:33"
86.171.244.36,Web,"18 Sep 2016, 13:54:50"
213.106.96.242,Web,"23 Mar 2017, 15:06:41"
213.106.96.242,Web,"2 Feb 2017, 17:02:21"
213.106.96.242,Web,"25 Jan 2017, 10:21:42"
213.106.96.242,Web,"20 Jun 2016, 08:26:48"
213.106.96.242,Web,"24 Oct 2016, 11:05:27"
213.106.96.242,Web,"4 Jun 2019, 12:41:00"
193.113.170.229,Web,"7 Jul 2016, 10:37:36"
46.208.250.74,Web,"3 Feb 2017, 09:41:15"
213.106.96.242,Web,"7 Jun 2019, 12:28:41"
31.185.134.113,Web,"24 May 2019, 08:58:41"
31.185.134.113,Web,"21 May 2019, 08:39:11"
31.185.134.92,Web,"14 May 2019, 14:13:37"
213.106.96.242,Web,"30 Apr 2018, 15:56:48"
195.171.2.22,Web,"11 Jan 2016, 11:35:12"
31.185.134.113,Web,"31 May 2019, 08:27:42"
195.171.2.22,Web,"25 Feb 2016, 10:51:56"
213.106.96.242,Web,"21 Dec 2018, 10:05:02"
213.106.96.242,Web,"5 Feb 2018, 11:49:14"
213.106.96.242,Web,"24 Nov 2016, 10:38:09"
213.106.96.242,Web,"6 May 2016, 14:21:09"
31.185.134.94,Web,"2 Apr 2019, 10:23:46"
213.106.96.242,Web,"18 Jan 2017, 10:12:24"
150.143.0.118,Web,"14 Jul 2018, 15:02:56"
213.106.96.242,Web,"23 Feb 2017, 10:35:26"
213.106.96.242,Web,"22 Feb 2017, 12:19:29"
213.106.96.242,Web,"7 Jun 2019, 09:10:28"
31.185.134.94,Web,"2 Apr 2019, 12:24:40"
46.208.250.74,Web,"22 Dec 2016, 13:59:47"
51.6.144.130,Web,"13 May 2018, 12:44:43"
213.106.96.242,Web,"18 Aug 2017, 10:18:03"
195.171.2.22,Web,"12 Nov 2014, 16:29:38"
213.106.96.242,Web,"10 Oct 2016, 12:30:21"
74.3.135.213,Web,"12 Sep 2018, 04:00:44"
213.106.96.242,Web,"17 Nov 2016, 11:48:01"
137.44.1.153,Web,"4 Oct 2016, 10:03:39"
86.183.134.130,Web,"15 May 2019, 20:57:43"
213.106.96.242,Web,"14 Nov 2016, 15:18:55"
213.106.96.242,Web,"30 Jul 2018, 12:02:13"
213.106.96.242,Web,"24 Jan 2017, 13:27:12"
193.113.170.130,Web,"26 May 2016, 10:47:02"
213.106.96.242,Web,"22 Jun 2016, 14:55:44"
213.106.96.242,Web,"24 Oct 2016, 16:10:18"
213.106.96.242,Web,"8 Apr 2019, 13:06:01"
213.106.96.242,Web,"21 Feb 2017, 16:45:24"
193.113.170.178,Web,"13 Apr 2016, 09:30:06"
213.106.96.242,Web,"20 Feb 2017, 10:24:29"
51.6.144.230,Web,"23 Oct 2017, 13:22:52"
213.106.96.242,Web,"16 Sep 2016, 13:16:43"
213.106.96.242,Web,"31 Aug 2016, 12:45:23"
213.106.96.242,Web,"23 May 2016, 09:06:18"
193.113.170.198,Web,"29 Mar 2016, 10:10:11"
213.106.96.242,Web,"16 May 2017, 10:50:29"
213.106.96.242,Web,"19 May 2016, 10:34:26"
213.106.96.242,Web,"24 May 2017, 09:49:29"
51.6.144.130,Web,"4 Mar 2018, 11:59:24"
213.106.96.242,Web,"25 Oct 2016, 14:53:26"
213.106.96.242,Web,"28 Mar 2017, 09:13:33"
213.106.96.242,Web,"9 Oct 2018, 15:12:29"
51.6.144.130,Web,"23 Apr 2018, 19:47:02"
193.113.170.129,Web,"4 Apr 2016, 09:50:28"
137.44.1.153,Web,"25 Nov 2016, 14:22:21"
185.201.34.164,Web,"20 Apr 2019, 18:49:47"
213.106.96.242,Web,"13 Jun 2017, 10:15:11"
46.208.250.74,Web,"18 Feb 2017, 21:04:18"
51.6.144.204,Web,"23 Feb 2017, 15:49:48"
213.106.96.242,Web,"29 Oct 2018, 10:33:58"
31.185.134.94,Web,"31 Mar 2019, 08:06:09"
213.106.96.242,Web,"10 Jun 2016, 12:55:03"
86.166.92.88,Web,"15 Aug 2016, 21:04:48"
193.113.170.173,Web,"11 Jul 2016, 13:15:38"
213.106.96.242,Web,"28 Feb 2017, 10:24:26"
137.44.110.33,Web,"23 Oct 2015, 10:11:10"
213.106.96.242,Web,"8 Apr 2019, 09:17:50"
213.106.96.242,Web,"5 Jul 2016, 16:16:49"
213.106.96.242,Web,"10 Mar 2017, 13:42:29"
213.106.96.242,Web,"13 Dec 2017, 09:53:08"
195.171.2.22,Web,"16 Feb 2016, 12:46:39"
213.106.96.242,Web,"21 Jun 2016, 08:44:07"
213.106.96.242,Web,"27 May 2016, 11:42:47"
213.106.96.242,Web,"28 Feb 2017, 15:33:26"
213.106.96.242,Web,"21 Jun 2017, 14:17:40"
213.106.96.242,Web,"21 Jul 2017, 12:39:44"
195.171.2.22,Web,"21 Oct 2015, 09:50:58"
213.106.96.242,Web,"2 Nov 2017, 13:48:13"
213.106.96.242,Web,"25 Mar 2019, 12:06:35"
51.9.186.3,Web,"26 Jun 2018, 15:09:46"
193.113.170.178,Web,"13 Apr 2016, 09:13:50"
193.113.170.136,Web,"9 Jun 2016, 14:42:38"
213.106.96.242,Web,"10 May 2016, 13:23:51"
193.113.170.190,Web,"22 Mar 2016, 12:44:43"
31.185.134.94,Web,"4 Feb 2019, 14:24:04"
213.106.96.242,Web,"26 Apr 2017, 10:58:38"
213.106.96.242,Web,"10 May 2017, 10:08:05"
51.9.186.73,Web,"14 Aug 2018, 20:57:13"
193.113.170.169,Web,"17 May 2016, 09:57:24"
213.106.96.242,Web,"12 Apr 2017, 09:40:17"
31.185.134.113,Web,"5 Jun 2019, 17:47:22"
213.106.96.242,Web,"22 Jul 2016, 10:43:10"
51.6.144.130,Web,"27 Apr 2018, 11:53:07"
195.171.2.22,Web,"15 Jan 2015, 11:06:02"
213.106.96.242,Web,"31 Aug 2016, 08:59:13"
51.9.186.13,Web,"13 May 2017, 13:52:14"
213.106.96.242,Web,"23 May 2017, 09:13:17"
51.6.144.204,Web,"13 Mar 2017, 19:09:10"
213.106.96.242,Web,"19 Mar 2018, 10:52:18"
213.106.96.242,Web,"3 Jul 2017, 11:15:30"
195.171.2.22,Web,"2 Mar 2015, 12:00:49"
213.106.96.242,Web,"8 May 2019, 12:08:53"
213.106.96.242,Web,"24 May 2016, 15:03:49"
51.9.186.73,Web,"2 Aug 2018, 20:52:33"
213.106.96.242,Web,"12 Dec 2016, 12:23:30"
195.171.2.22,Web,"9 Jun 2015, 14:20:21"
193.113.170.229,Web,"1 Jul 2016, 15:06:49"
213.106.96.242,Web,"30 Sep 2016, 10:15:21"
137.44.100.1,Web,"23 Sep 2016, 08:50:21"
51.6.144.130,Web,"6 Mar 2018, 22:07:26"
51.6.144.130,Web,"21 Apr 2018, 16:22:44"
195.171.2.22,Web,"13 Apr 2015, 12:09:19"
31.185.134.113,Web,"31 May 2019, 12:22:43"
213.106.96.242,Web,"1 Sep 2017, 09:05:13"
51.6.144.204,Web,"22 Mar 2017, 19:53:07"
51.9.186.3,Web,"24 May 2018, 19:06:22"
51.6.144.230,Web,"29 Oct 2017, 10:00:00"
193.113.170.131,Web,"1 Aug 2016, 09:06:21"
213.106.96.242,Web,"3 Jan 2017, 10:23:56"
213.106.96.242,Web,"31 Oct 2016, 14:06:22"
193.113.170.242,Web,"20 Jun 2016, 15:48:37"
31.185.134.94,Web,"12 Jan 2019, 16:40:24"
51.6.144.204,Web,"8 Mar 2017, 22:52:14"
31.185.134.113,Web,"21 May 2019, 08:39:04"
213.106.96.242,Web,"15 Oct 2018, 09:18:41"
46.208.250.74,Web,"13 Dec 2016, 22:23:31"
213.106.96.242,Web,"29 Aug 2018, 09:17:12"
213.106.96.242,Web,"26 Jan 2017, 11:27:35"
213.106.96.242,Web,"19 Sep 2016, 12:24:05"
193.113.170.222,Web,"26 Apr 2016, 13:58:34"
213.106.96.242,Web,"26 Sep 2016, 09:31:20"
213.106.96.242,Web,"29 Nov 2018, 15:58:22"
185.201.34.164,Web,"20 Apr 2019, 18:30:13"
31.185.134.36,Web,"29 Apr 2019, 08:08:40"
193.113.170.178,Web,"19 Apr 2016, 12:09:37"
62.255.245.180,Web,"23 Nov 2017, 12:24:10"
213.106.96.242,Web,"22 Mar 2017, 10:32:55"
213.106.96.242,Web,"18 Apr 2018, 10:58:35"
213.106.96.242,Web,"15 Aug 2016, 14:13:13"
213.106.96.242,Web,"4 Jun 2019, 12:41:04"
213.106.96.242,Web,"28 Jun 2017, 11:54:31"
213.106.96.242,Web,"10 May 2016, 10:01:49"
213.106.96.242,Web,"7 Jul 2016, 12:03:13"
31.185.134.94,Web,"17 Jan 2019, 11:36:41"
213.106.96.242,Web,"29 Mar 2019, 09:40:37"
46.208.250.74,Web,"28 Jan 2017, 16:33:12"
195.171.2.22,Web,"17 Aug 2015, 11:11:49"
213.106.96.242,Web,"4 Dec 2017, 15:58:04"
213.106.96.242,Web,"4 Aug 2017, 14:06:16"
213.106.96.242,Web,"3 Jun 2016, 14:06:57"
195.171.2.22,Web,"9 Nov 2015, 15:14:28"
213.106.96.242,Web,"24 Oct 2016, 16:09:32"
195.171.2.22,Web,"17 Sep 2015, 12:04:44"
193.113.170.229,Web,"28 Jul 2016, 09:27:29"
195.171.2.22,Web,"18 Feb 2016, 15:54:26"
195.171.2.22,Web,"7 Sep 2015, 15:17:46"
213.106.96.242,Web,"9 Jul 2018, 11:12:41"
195.171.2.22,Web,"1 Sep 2015, 11:43:37"
213.106.96.242,Web,"5 Mar 2019, 14:55:23"
31.185.134.113,Web,"31 May 2019, 12:22:38"
62.255.245.180,Web,"26 Oct 2017, 14:41:53"
213.106.96.242,Web,"23 Jan 2017, 16:47:01"
213.106.96.242,Web,"11 Jul 2017, 08:50:06"
185.201.34.164,Web,"20 Apr 2019, 18:49:51"
213.106.96.242,Web,"20 Sep 2016, 16:23:31"
213.106.96.242,Web,"6 Feb 2018, 14:27:11"
195.171.2.22,Web,"20 Aug 2015, 09:37:15"
31.185.134.113,Web,"24 May 2019, 08:58:35"
51.6.144.204,Web,"17 Mar 2017, 22:27:32"
51.6.144.230,Web,"18 Oct 2017, 10:41:01"
31.185.134.113,Web,"31 May 2019, 07:59:35"
195.171.2.22,Web,"5 May 2015, 08:49:54"
31.185.134.113,Web,"31 May 2019, 07:37:35"
213.106.96.242,Web,"14 Jun 2016, 13:04:54"
213.106.96.242,Web,"14 Nov 2016, 11:06:37"
213.106.96.242,Web,"3 May 2016, 10:52:58"
213.106.96.242,Web,"7 Sep 2016, 08:53:56"
213.106.96.242,Web,"15 May 2018, 08:57:53"
51.9.186.73,Web,"10 Aug 2018, 21:50:58"
31.185.134.94,Web,"2 Mar 2019, 20:49:58"
213.106.96.242,Web,"13 Jun 2016, 13:41:18"
85.255.232.24,Web,"4 May 2019, 20:18:16"
137.44.1.153,Web,"19 May 2017, 10:30:30"
31.185.134.113,Web,"31 May 2019, 07:59:31"
213.106.96.242,Web,"10 May 2016, 16:53:03"
213.106.96.242,Web,"29 Sep 2016, 15:14:52"
46.208.250.74,Web,"3 Feb 2017, 17:17:49"
213.106.96.242,Web,"20 Jul 2018, 15:11:30"
213.106.96.242,Web,"4 Aug 2016, 09:50:12"
213.106.96.242,Web,"15 Aug 2016, 09:51:03"
213.106.96.242,Web,"16 Jan 2017, 10:54:16"
213.106.96.242,Web,"29 Oct 2018, 15:52:31"
213.106.96.242,Web,"29 Jun 2017, 09:07:52"
195.171.2.22,Web,"24 Oct 2014, 14:11:15"
195.171.2.22,Web,"17 Jun 2015, 14:59:24"
86.183.71.193,Web,"20 May 2016, 11:02:13"
213.106.96.242,Web,"4 Mar 2019, 09:52:38"
137.44.110.88,Web,"26 Feb 2016, 11:26:09"
213.106.96.242,Web,"28 Nov 2018, 12:57:20"
31.185.134.113,Web,"13 Jun 2019, 08:47:52"
213.106.96.242,Web,"14 Jun 2019, 08:47:56"
213.106.96.242,Web,"18 Jun 2019, 08:37:45"
31.185.134.11,Web,"18 Jun 2019, 12:57:04"
31.185.134.11,Web,"18 Jun 2019, 15:12:23"
213.106.96.242,Web,"19 Jun 2019, 08:09:33"
213.106.96.242,Web,"19 Jun 2019, 12:42:05"
213.106.96.242,Web,"20 Jun 2019, 12:13:05"
31.185.134.11,Web,"20 Jun 2019, 17:16:30"
213.106.96.242,Web,"21 Jun 2019, 07:55:04"
213.106.96.242,Web,"21 Jun 2019, 08:59:11"
31.185.134.11,Web,"3 Jul 2019, 06:49:56"
31.185.134.11,Web,"3 Jul 2019, 16:57:43"
31.185.134.11,Web,"4 Jul 2019, 09:42:58"
85.255.233.92,Web,"4 Jul 2019, 20:24:41"
213.106.96.242,Web,"5 Jul 2019, 10:45:19"
213.106.96.242,Web,"8 Jul 2019, 13:39:05"
31.185.134.11,Web,"9 Jul 2019, 10:08:32"
31.185.134.11,Web,"11 Jul 2019, 17:02:00"
31.185.134.11,Web,"16 Jul 2019, 16:34:31"
31.185.134.11,Web,"19 Jul 2019, 06:26:37"
31.185.134.11,Web,"25 Jul 2019, 09:34:36"
31.185.134.11,Web,"25 Jul 2019, 11:22:40"
213.106.96.242,Web,"31 Jul 2019, 09:47:42"
31.185.134.11,Web,"8 Aug 2019, 08:44:39"
213.106.96.242,Web,"9 Aug 2019, 08:09:55"
176.248.182.91,Web,"14 Aug 2019, 20:02:48"
213.106.96.242,Web,"19 Aug 2019, 13:22:23"
213.106.96.242,Web,"20 Aug 2019, 14:19:09"
31.185.134.11,Web,"27 Aug 2019, 08:28:27"
31.185.134.11,Web,"1 Sep 2019, 13:50:58"
213.106.96.242,Web,"2 Sep 2019, 09:04:55"
213.106.96.242,Web,"2 Sep 2019, 13:59:27"
213.106.96.242,Web,"3 Sep 2019, 09:16:10"
213.106.96.242,Web,"3 Sep 2019, 11:03:22"
31.185.134.117,Web,"4 Sep 2019, 16:45:53"
31.185.134.117,Web,"5 Sep 2019, 14:12:32"
31.185.134.117,Web,"10 Sep 2019, 14:18:13"
143.159.102.217,Web,"27 Sep 2019, 07:53:32"
143.159.102.217,Web,"27 Sep 2019, 15:29:46"
85.255.237.126,Web,"1 Oct 2019, 21:49:29"
85.255.237.107,Web,"3 Oct 2019, 08:42:12"
143.159.102.168,Web,"6 Oct 2019, 07:53:36"
12.198.251.50,Web,"9 Oct 2019, 18:38:24"
12.198.251.50,Web,"10 Oct 2019, 03:54:37"
12.198.251.50,Web,"10 Oct 2019, 13:08:40"
213.106.96.242,Web,"15 Oct 2019, 09:46:30"
143.159.102.231,Web,"1 Nov 2019, 09:05:31"
143.159.102.231,Web,"1 Nov 2019, 09:52:07"
31.185.134.123,Web,"6 Nov 2019, 19:42:51"
31.185.134.78,Web,"19 Nov 2019, 12:49:24"
31.185.134.78,Web,"19 Nov 2019, 15:21:44"
31.185.134.78,Web,"20 Nov 2019, 21:12:12"
213.106.96.242,Web,"25 Nov 2019, 13:44:16"
31.185.134.108,Web,"28 Nov 2019, 08:39:40"
213.106.96.242,Web,"28 Nov 2019, 12:50:37"
31.185.134.36,Web,"1 Dec 2019, 13:17:07"
31.185.134.36,Web,"5 Dec 2019, 09:30:28"
31.185.134.36,Web,"6 Dec 2019, 19:30:22"
31.185.134.14,Web,"18 Dec 2019, 22:39:11"
31.185.134.14,Web,"3 Jan 2020, 11:29:40"
31.185.134.14,Web,"13 Jan 2020, 08:17:16"
195.67.91.143,Web,"13 Jan 2020, 23:01:40"
195.67.91.143,Web,"14 Jan 2020, 21:15:32"
213.106.96.242,Web,"16 Jan 2020, 13:58:24"
31.185.134.14,Web,"17 Jan 2020, 22:10:06"
213.106.96.242,Web,"30 Jan 2020, 10:21:39"
143.159.102.226,Web,"30 Jan 2020, 22:31:07"
213.106.96.242,Web,"3 Feb 2020, 13:06:30"
143.159.102.203,Web,"10 Feb 2020, 19:01:28"
143.159.102.203,Web,"12 Feb 2020, 23:01:32"
143.159.102.203,Web,"13 Feb 2020, 18:17:28"
143.159.102.203,Web,"16 Feb 2020, 21:43:15"
213.106.96.242,Web,"18 Feb 2020, 12:57:51"
213.106.96.242,Web,"19 Feb 2020, 10:09:14"
213.106.96.242,Web,"19 Feb 2020, 10:42:17"
143.159.102.160,Web,"25 Feb 2020, 17:57:18"
31.185.134.46,Web,"27 Feb 2020, 10:00:35"
148.252.128.114,Web,"3 Mar 2020, 17:45:47"
90.252.183.73,Web,"6 Mar 2020, 19:35:49"
90.255.78.16,Web,"12 Mar 2020, 16:35:59"
213.106.96.242,Web,"16 Mar 2020, 09:52:47"
90.255.78.16,Web,"18 Mar 2020, 13:50:55"
90.255.78.16,Web,"19 Mar 2020, 13:33:23"
90.252.185.251,Web,"1 Apr 2020, 12:30:45"
90.252.185.251,Web,"2 Apr 2020, 14:48:24"
90.252.185.251,Web,"9 Apr 2020, 09:40:21"
90.252.185.251,Web,"15 Apr 2020, 19:04:36"
90.253.187.220,Web,"27 Apr 2020, 13:50:52"
90.253.187.220,Web,"28 Apr 2020, 13:40:58"
90.253.187.220,Web,"30 Apr 2020, 09:18:50"
90.253.187.220,Web,"7 May 2020, 14:33:29"
90.253.187.220,Web,"9 May 2020, 17:16:36"
90.253.187.220,Web,"12 May 2020, 08:57:33"
90.254.94.33,Web,"14 May 2020, 07:50:31"
90.254.94.33,Web,"15 May 2020, 16:07:14"
90.254.94.33,Web,"20 May 2020, 15:47:29"
90.255.91.108,Web,"26 May 2020, 09:34:12"
90.255.91.108,Web,"26 May 2020, 11:55:38"
90.253.185.123,Web,"3 Jun 2020, 18:50:17"
90.253.185.123,Web,"8 Jun 2020, 09:37:51"
90.254.78.137,Web,"11 Jun 2020, 11:21:11"
90.254.78.137,Web,"12 Jun 2020, 11:36:41"
90.253.166.7,Web,"15 Jun 2020, 12:08:16"
90.252.159.186,Web,"23 Jun 2020, 10:40:56"
90.255.194.1,Web,"29 Jun 2020, 08:07:01"
90.255.194.1,Web,"30 Jun 2020, 12:14:59"
90.255.194.1,Web,"1 Jul 2020, 16:04:32"
90.253.149.233,Web,"6 Jul 2020, 11:27:38"
90.255.69.21,Web,"7 Jul 2020, 10:01:35"
90.254.77.68,Web,"21 Jul 2020, 11:31:36"
90.253.130.204,Web,"27 Jul 2020, 07:35:44"
90.253.130.204,Web,"29 Jul 2020, 08:22:29"
90.253.130.204,Web,"30 Jul 2020, 08:53:46"
90.253.130.204,Web,"31 Jul 2020, 07:20:18"
90.254.72.107,Web,"11 Aug 2020, 10:53:19"
90.254.72.107,Web,"11 Aug 2020, 11:51:10"
90.254.65.234,Web,"17 Aug 2020, 11:49:09"
90.253.162.159,Web,"20 Aug 2020, 13:17:44"
90.252.189.70,Web,"21 Aug 2020, 13:17:59"
90.255.196.109,Web,"25 Aug 2020, 08:30:27"
90.255.85.154,Web,"27 Aug 2020, 08:04:13"
90.254.73.205,Web,"27 Aug 2020, 09:17:05"
90.252.175.216,Web,"8 Sep 2020, 09:16:49"
90.252.175.216,Web,"8 Sep 2020, 12:55:10"
90.252.175.216,Web,"15 Sep 2020, 07:00:26"
90.255.94.242,Web,"17 Sep 2020, 09:11:11"
90.252.146.218,Web,"22 Sep 2020, 10:53:52"
90.252.146.218,Web,"25 Sep 2020, 09:03:17"
90.252.146.218,Web,"28 Sep 2020, 09:25:50"
90.252.146.218,Web,"29 Sep 2020, 08:42:37"
90.252.146.218,Web,"1 Oct 2020, 10:34:44"
81.130.171.41,Web,"21 Oct 2020, 09:27:45"
90.255.94.7,Web,"22 Oct 2020, 13:47:14"
90.255.94.7,Web,"22 Oct 2020, 15:27:52"
90.255.94.7,Web,"23 Oct 2020, 10:33:41"
90.255.94.7,Web,"27 Oct 2020, 10:26:35"
90.255.94.7,Web,"28 Oct 2020, 16:40:10"
90.255.94.7,Web,"29 Oct 2020, 14:26:06"
90.255.94.7,Web,"30 Oct 2020, 09:35:23"
90.255.94.7,Web,"30 Oct 2020, 12:00:06"
90.255.94.7,Web,"2 Nov 2020, 08:20:41"
90.254.82.101,Web,"7 Dec 2020, 14:13:49"
90.254.82.101,Web,"9 Dec 2020, 09:19:36"
90.253.161.185,Web,"15 Dec 2020, 09:59:10"
90.253.161.185,Web,"18 Dec 2020, 12:27:36"
90.253.130.79,Web,"29 Dec 2020, 09:32:41"
90.255.73.65,Web,"11 Jan 2021, 12:52:56"
90.252.156.106,Web,"13 Jan 2021, 08:20:45"
90.254.93.73,Web,"19 Jan 2021, 13:20:52"
90.254.93.73,Web,"20 Jan 2021, 13:41:13"
90.254.93.73,Web,"26 Jan 2021, 13:02:39"
90.254.93.73,Web,"27 Jan 2021, 08:04:31"
90.254.93.73,Web,"4 Feb 2021, 13:26:11"
90.254.93.73,Web,"19 Feb 2021, 07:41:06"
90.254.93.73,Web,"23 Feb 2021, 09:47:04"
90.254.93.73,Web,"24 Feb 2021, 07:44:49"
90.254.93.73,Web,"25 Feb 2021, 10:31:23"
90.254.93.73,Web,"1 Mar 2021, 16:34:11"
90.254.93.73,Web,"4 Mar 2021, 15:17:44"
90.240.109.40,Web,"5 Mar 2021, 15:19:27"
90.255.64.50,Web,"7 Mar 2021, 14:59:59"
90.255.64.50,Web,"7 Mar 2021, 15:00:33"
90.255.64.50,Web,"7 Mar 2021, 15:04:30"
90.255.64.50,Web,"8 Mar 2021, 19:54:26"
90.255.64.50,Web,"8 Mar 2021, 23:01:40"
90.255.64.50,Web,"9 Mar 2021, 09:20:53"
90.255.64.50,Web,"9 Mar 2021, 11:59:32"
90.255.64.50,Web,"9 Mar 2021, 14:55:54"
90.252.158.126,Web,"20 Mar 2021, 13:21:15"
90.252.172.134,Web,"24 Mar 2021, 13:16:33"
81.130.171.41,Web,"30 Mar 2021, 12:22:06"
